{
 "applicationModelVersion": "18.4.5",
 "id": "starter",
 "description": "A new VB app",
 "defaultPage": "app",
 "chains": {},
 "services": {
        "icApiIntegrationV1FlowsRestINTEGRATION1": {
            "path": "../../services/icApiIntegrationV1FlowsRestINTEGRATION1/service.json"
        }
      },
 "translations": {
		"app": {
			"path": "./resources/strings/app/nls/app-strings"
		}
	},
 "types": {},
 "variables": {},
 "userConfig": {
		"type": "vb/DefaultSecurityProvider",
		"configuration": {}
	},
 "security": {},
 "requirejs": {
		"paths": {
			"oj-sehub-uihexagon": "resources/components/oj-sehub-uihexagon/oj-sehub-uihexagon",
			"oj-sehub-timeline": "resources/components/oj-sehub-timeline"
		}
	}
}