{
  "pageModelVersion": "18.3.3",
  "title": "My start page",
  "description": "The starting page of the flow",
  "variables": {
    "Patient_ID": {
      "type": "string"
    },
    "LabReport_ID": {
      "type": "string"
    },
    "CreateDate": {
      "type": "string"
    },
    "tableDataArray": {
      "type": "object[]"
    },
    "dataProvider": {
      "type": "any"
    }
  },
  "types": {},
  "chains": {
    "getPayload": {
      "root": "callModuleFunction1",
      "description": "",
      "variables": {},
      "actions": {
        "callModuleFunction1": {
          "module": "vb/action/builtin/callModuleFunctionAction",
          "parameters": {
            "module": "{{$page.functions}}",
            "functionName": "dataPayload",
            "params": [
              "{{ $application.variables.record }}"
            ],
            "returnType": "application:customPayload"
          },
          "outcomes": {
            "success": "assignVariables1"
          }
        },
        "assignVariables1": {
          "module": "vb/action/builtin/assignVariablesAction",
          "parameters": {
            "$page.variables.CreateDate": {
              "source": "{{ $chain.results.callModuleFunction1.Date }}"
            },
            "$page.variables.LabReport_ID": {
              "source": "{{ $chain.results.callModuleFunction1.LabReport_ID }}"
            },
            "$page.variables.Patient_ID": {
              "source": "{{ $chain.results.callModuleFunction1.Patient_ID }}"
            },
            "$page.variables.tableDataArray": {
              "source": "{{ $chain.results.callModuleFunction1.Report.fields }}"
            }
          },
          "outcomes": {
            "success": "callModuleFunction2"
          }
        },
        "callModuleFunction2": {
          "module": "vb/action/builtin/callModuleFunctionAction",
          "parameters": {
            "module": "{{$page.functions}}",
            "functionName": "createDataProvider121",
            "params": [
              "{{ $page.variables.tableDataArray }}"
            ],
            "returnType": "any"
          },
          "outcomes": {
            "success": "assignVariables2"
          }
        },
        "assignVariables2": {
          "module": "vb/action/builtin/assignVariablesAction",
          "parameters": {
            "$page.variables.dataProvider": {
              "source": "{{ $chain.results.callModuleFunction2 }}"
            }
          }
        }
      }
    }
  },
  "eventListeners": {
    "vbEnter": {
      "chains": [
        {
          "chainId": "getPayload",
          "parameters": {}
        }
      ]
    }
  },
  "imports": {
    "components": {
      "oj-form-layout": {
        "path": "ojs/ojformlayout"
      },
      "oj-input-text": {
        "path": "ojs/ojinputtext"
      },
      "oj-label": {
        "path": "ojs/ojlabel"
      },
      "oj-table": {
        "path": "ojs/ojtable"
      }
    }
  }
}