{
  "pageModelVersion": "18.3.3",
  "title": "My start page",
  "description": "The starting page of the flow",
  "variables": {
    "email": {
      "type": "string"
    },
    "accessToken": {
      "type": "string"
    }
  },
  "types": {},
  "chains": {
    "navigatePage": {
      "root": "callModuleFunction1",
      "description": "",
      "actions": {
        "navigateToPage1": {
          "module": "vb/action/builtin/navigateToPageAction",
          "parameters": {
            "page": "main-health-record"
          },
          "outcomes": {
            "success": "assignVariables2"
          }
        },
        "callModuleFunction1": {
          "module": "vb/action/builtin/callModuleFunctionAction",
          "parameters": {
            "module": "{{$page.functions}}",
            "functionName": "createObj",
            "params": [
              "{{ $page.variables.accessToken }}"
            ]
          },
          "outcomes": {
            "success": "callRestEndpoint1"
          }
        },
        "callRestEndpoint1": {
          "module": "vb/action/builtin/restAction",
          "parameters": {
            "endpoint": "mapfreRestAPIGse00014197UscomEast1OraclecloudCom/postFetchLabReport",
            "body": "{{ $chain.results.callModuleFunction1 }}",
            "responseBodyFormat": "json"
          },
          "outcomes": {
            "success": "assignVariables1"
          }
        },
        "assignVariables1": {
          "module": "vb/action/builtin/assignVariablesAction",
          "parameters": {
            "$application.variables.record": {
              "source": "{{ $chain.results.callRestEndpoint1.body }}"
            }
          },
          "outcomes": {
            "success": "if1"
          }
        },
        "if1": {
          "module": "vb/action/builtin/ifAction",
          "parameters": {
            "condition": "{{ $chain.results.callRestEndpoint1.body.returnCode === \"Success\" }}"
          },
          "outcomes": {
            "false": "fireNotification1",
            "true": "navigateToPage1"
          }
        },
        "fireNotification1": {
          "module": "vb/action/builtin/fireNotificationEventAction",
          "parameters": {
            "displayMode": "persist",
            "type": "info",
            "message": "Access Token is incorrect or it has expired"
          }
        },
        "assignVariables2": {
          "module": "vb/action/builtin/assignVariablesAction",
          "parameters": {
            "$application.variables.record": {
              "source": "{{ $chain.results.callRestEndpoint1.body }}"
            }
          }
        }
      }
    }
  },
  "eventListeners": {
    "ojButton10778510331Click": {
      "chains": [
        {
          "chainId": "navigatePage"
        }
      ]
    }
  },
  "imports": {
    "components": {
      "oj-label": {
        "path": "ojs/ojlabel"
      },
      "oj-input-text": {
        "path": "ojs/ojinputtext"
      },
      "oj-button": {
        "path": "ojs/ojbutton"
      },
      "oj-buttonset-many": {
        "path": "ojs/ojbutton"
      },
      "oj-form-layout": {
        "path": "ojs/ojformlayout"
      }
    }
  }
}