{
  "applicationModelVersion": "18.4.5",
  "id": "starter",
  "description": "A new VB app",
  "defaultPage": "shell",
  "chains": {},
  "services": {},
  "translations": {
    "app": {
      "path": "./resources/strings/app/nls/app-strings"
    }
  },
  "types": {},
  "variables": {},
  "userConfig": {
    "type": "vb/DefaultSecurityProvider",
    "configuration": {}
  },
  "security":{},
  "requirejs": {
    "paths": {
      "oj-sehub-uihexagon": "resources/components/oj-sehub-uihexagon"
    }
  }
}