{
  "applicationModelVersion": "18.3.3",
  "id": "starter",
  "description": "A new VB app",
  "defaultPage": "shell",
  "chains": {},
  "services": {
    "mapfreRestAPIGse00014197UscomEast1OraclecloudCom": "../../services/mapfreRestAPIGse00014197UscomEast1OraclecloudCom/service.json"
  },
  "translations": {
    "app": {
      "path": "./resources/strings/app/nls/app-strings"
    }
  },
  "types": {
    "@decorators.postFetchLabReport": {
      "endpoint": "postFetchLabReport",
      "service": "mapfreRestAPIGse00014197UscomEast1OraclecloudCom",
      "path": "response"
    },
    "postFetchLabReport": {
      "returnCode": "string",
      "result": {
        "payload": "string",
        "encode": "string"
      },
      "txid": "string"
    },
    "customPayload": {
      "Date": "string",
      "LabReport_ID": "string",
      "Patient_ID": "string",
      "Report": {
        "fields": "object[]"
      }
    }
  },
  "variables": {
    "record": {
      "type": "application:postFetchLabReport"
    }
  },
  "userConfig": {
    "type": "vb/DefaultSecurityProvider",
    "configuration": {}
  },
  "security":{
      "access":{
          "requiresAuthentication": false
      }
  }
}