{
  "name": "oj-sehub-uihexagon",
  "description": "Simple Hexagon UI Component",
  "version": "1.0.1",
  "jetVersion": ">=3.0.0 <7.0.0",
  "license": "https://opensource.org/licenses/UPL",
  "properties": {
    "columns": {
      "description": "Display number of hexagon in a row",
      "displayName": "Columns",
      "type": "number",
      "writeback": false,
      "enumValues": [3,4],
      "value": 3,
      "propertyGroup": "common"
    },
    "dataArray": {
      "type": "Array<object>",
      "displayName": "Hexagon Data",
      "description": "An array of hexagon data object to be displayed ",
      "propertyGroup": "common",
      "extension": {
        "vbcs": {
          "itemProperties": {
            "title": {
              "description": "Hexagon Title. Will be override if image present",
              "type": "string"
            },
            "image": {
              "description": "Image url to be displayed in Hexagon",
              "type": "string"
            },
            "color": {
              "description": "Font color of title",
              "type": "string"
            },
            "bgcolor": {
              "description": "Background color of Hexagon",
              "type": "string"
            }
          }
        }
      }
    }
  },
  "events" : {
    "hexagonSelected" : {
      "description" : "Event to capture which Hexagon got selected",
      "bubbles" : true,
      "cancelable" : false,
      "detail" : {
        "nameOfHexagon" : {"type" : "Object"}
      }
    }
  }
}