{
  "name": "oj-sehub-timeline",
  "description": "Sehub Timeline Component",
  "version": "1.0.1",
  "jetVersion": ">=3.0.0 <7.0.0",
  "license": "https://opensource.org/licenses/UPL",
  "properties": {
    "dataArray": {
      "type": "Array<object>",
      "displayName": "Hexagon Data",
      "description": "An array of hexagon data object to be displayed ",
      "propertyGroup": "common",
      "extension": {
        "vbcs": {
          "itemProperties": {
            "date": {
              "description": "Date",
              "type": "string"
            },
            "time": {
              "description": "Time",
              "type": "string"
            },
            "heading": {
              "description": "Heading",
              "type": "string"
            },
            "itemArray": {
              "description": "Item Array",
              "type": "Array<object>"
            }
          }
        }
      }
    }
  }
}