{
 "pageModelVersion": "18.4.5",
 "title": "",
 "description": "",
 "variables": {
        "array": {
            "type": [
                {
                    "id": "string",
                    "Name": "string"
                }
            ]
        },
        "id": {
            "type": "string"
        },
        "Name": {
            "type": "string"
        },
        "search": {
            "type": "string"
        },
        "selectItem": {
            "type": "getVALUE_FOR_ITEMS1_0MC"
        },
        "arrayRecord": {
            "type": "getVALUE_FOR_ITEMS1_0MC[]"
        }
      },
 "types": {
        "@decorators.getVALUE_FOR_ITEMS1_0MC": {
            "endpoint": "getVALUE_FOR_ITEMS1_0MC",
            "service": "icApiIntegrationV1FlowsRestINTEGRATION1",
            "path": "response"
        },
        "getVALUE_FOR_ITEMS1_0MC": {
            "ITEM_ID": "string",
            "ITEM": "string",
            "PRACT_MEASURE": "string",
            "PM_SIZE": "string",
            "TECH_MEASURE": "string",
            "TM_SIZE": "string",
            "ENERGY_KCAL": "string"
        }
      },
 "chains": {
        "onLoad": {
            "root": "callRestEndpoint1",
            "description": "",
            "actions": {
                "callModuleFunction1": {
                    "module": "vb/action/builtin/callModuleFunctionAction",
                    "parameters": {
                        "module": "{{$page.functions}}",
                        "functionName": "getList",
                        "params": [
                            "{{ $chain.results.callRestEndpoint1.body }}"
                        ],
                        "returnType": "object[]"
                    },
                    "outcomes": {
                        "success": "assignVariables1"
                    }
                },
                "callRestEndpoint1": {
                    "module": "vb/action/builtin/restAction",
                    "parameters": {
                        "endpoint": "icApiIntegrationV1FlowsRestINTEGRATION1/getSHOW_ITEMS_OF_SUB_CATEGO1_0MC",
                        "uriParams": {
                            "scid": "{{ $flow.variables.SUB_CATEGORY_SC_ID }}"
                        }
                    },
                    "outcomes": {
                        "success": "callModuleFunction1"
                    }
                },
                "assignVariables1": {
                    "module": "vb/action/builtin/assignVariablesAction",
                    "parameters": {
                        "$page.variables.array": {
                            "source": "{{ $chain.results.callModuleFunction1 }}"
                        }
                    },
                    "outcomes": {
                        "success": "callModuleFunction2"
                    }
                },
                "callModuleFunction2": {
                    "module": "vb/action/builtin/callModuleFunctionAction",
                    "parameters": {
                        "module": "{{$page.functions}}",
                        "functionName": "disableDialogBox"
                    }
                }
            }
        },
        "listcheck": {
            "root": "fireNotification1",
            "description": "",
            "variables": {
                "id": {
                    "type": "string",
                    "required": true,
                    "input": "fromCaller"
                },
                "Name": {
                    "type": "string",
                    "required": false,
                    "input": "fromCaller"
                }
            },
            "actions": {
                "fireNotification1": {
                    "module": "vb/action/builtin/fireNotificationEventAction",
                    "parameters": {
                        "displayMode": "transient",
                        "type": "info",
                        "summary": "Data",
                        "message": "{{ $chain.variables.Name}} "
                    },
                    "outcomes": {
                        "success": "callRestEndpoint1"
                    }
                },
                "callRestEndpoint1": {
                    "module": "vb/action/builtin/restAction",
                    "parameters": {
                        "endpoint": "icApiIntegrationV1FlowsRestINTEGRATION1/getVALUE_FOR_ITEMS1_0MC",
                        "uriParams": {
                            "scid": "{{ $page.variables.id }}",
                            "item": "{{ $page.variables.Name }}"
                        },
                        "responseBodyFormat": "json",
                        "responseType": "getVALUE_FOR_ITEMS1_0MC"
                    },
                    "outcomes": {
                        "success": "assignVariables1"
                    }
                },
                "assignVariables1": {
                    "module": "vb/action/builtin/assignVariablesAction",
                    "parameters": {
                        "$page.variables.selectItem": {
                            "source": "{{ $chain.results.callRestEndpoint1.body }}",
                            "auto": "always"
                        }
                    },
                    "outcomes": {
                        "success": "callModuleFunction1"
                    }
                },
                "callModuleFunction1": {
                    "module": "vb/action/builtin/callModuleFunctionAction",
                    "parameters": {
                        "module": "{{$page.functions}}",
                        "functionName": "showDialogBox"
                    }
                }
            }
        },
        "InputTextValueChangeChain": {
            "description": "",
            "variables": {
                "value": {
                    "required": true,
                    "type": "any",
                    "input": "fromCaller"
                }
            },
            "root": "callRestEndpoint1",
            "actions": {
                "callRestEndpoint1": {
                    "module": "vb/action/builtin/restAction",
                    "parameters": {
                        "endpoint": "icApiIntegrationV1FlowsRestINTEGRATION1/getITEM_STARTING_VALUE1_0MC",
                        "uriParams": {
                            "scid": "{{ $flow.variables.SUB_CATEGORY_SC_ID }}",
                            "item": "{{ $page.variables.search }}"
                        }
                    },
                    "outcomes": {
                        "success": "callModuleFunction1"
                    }
                },
                "callModuleFunction1": {
                    "module": "vb/action/builtin/callModuleFunctionAction",
                    "parameters": {
                        "module": "{{$page.functions}}",
                        "functionName": "getList",
                        "params": [
                            "{{ $chain.results.callRestEndpoint1.body }}"
                        ],
                        "returnType": "object[]"
                    },
                    "outcomes": {
                        "success": "assignVariables1"
                    }
                },
                "assignVariables1": {
                    "module": "vb/action/builtin/assignVariablesAction",
                    "parameters": {
                        "$page.variables.array": {
                            "source": "{{ $chain.results.callModuleFunction1 }}"
                        }
                    }
                }
            }
        },
        "ButtonActionChain": {
            "description": "",
            "variables": {
                "detail": {
                    "required": true,
                    "type": "any",
                    "input": "fromCaller"
                }
            },
            "root": "callModuleFunction1",
            "actions": {
                "callModuleFunction1": {
                    "module": "vb/action/builtin/callModuleFunctionAction",
                    "parameters": {
                        "module": "{{$page.functions}}",
                        "functionName": "disableDialogBox"
                    }
                }
            }
        }
      },
 "eventListeners": {
        "vbEnter": {
            "chains": [
                {
                    "chainId": "onLoad",
                    "parameters": {}
                }
            ]
        },
        "listSelection": {
            "chains": [
                {
                    "chainId": "listcheck",
                    "parameters": {
                        "id": "{{ $page.variables.id }}",
                        "Name": "{{ $page.variables.Name }}"
                    }
                }
            ]
        },
        "ojInputText18693310621Value": {
            "chains": [
                {
                    "chainId": "InputTextValueChangeChain",
                    "parameters": {
                        "value": "{{ $event.detail.value }}"
                    }
                }
            ]
        },
        "OJBUTTON18693310621OjAction": {
            "chains": [
                {
                    "chainId": "ButtonActionChain",
                    "parameters": {
                        "detail": "{{ $event.detail }}"
                    }
                }
            ]
        }
      },
 "imports": {
  "components": {
   "oj-ext-mobile-page-template": {
				"path": "vb/components/mobile-page-template/loader"
			},
   "oj-button": {
				"path": "ojs/ojbutton"
			},
   "oj-sehub-timeline": {
				"path": "oj-sehub-timeline/loader"
			},
            "oj-label": {
                "path": "ojs/ojlabel"
            },
            "oj-input-text": {
                "path": "ojs/ojinputtext"
            }
  }
 }
}