{
 "pageModelVersion": "18.4.5",
 "title": "",
 "description": "",
 "variables": {},
 "types": {},
 "chains": {
  "ButtonActionChain": {
			"description": "",
			"variables": {
				"detail": {
					"required": true,
					"type": "any",
					"input": "fromCaller"
				}
			},
			"root": "callModuleFunction1",
			"actions": {
				"callModuleFunction1": {
					"module": "vb/action/builtin/callModuleFunctionAction",
					"parameters": {
						"module": "{{$flow.functions}}",
						"functionName": "toggleDrawer",
						"params": [
							"#navDrawer3"
						]
					}
				}
			}
		},
        "selectedDataChain": {
            "root": "callModuleFunction1",
            "description": "",
            "variables": {
                "inpData": {
                    "type": "any",
                    "required": true,
                    "input": "fromCaller"
                }
            },
            "actions": {
                "callModuleFunction1": {
                    "module": "vb/action/builtin/callModuleFunctionAction",
                    "parameters": {
                        "module": "{{$page.functions}}",
                        "functionName": "Data",
                        "params": [
                            "{{ $chain.variables.inpData }}"
                        ],
                        "returnType": "string"
                    },
                    "outcomes": {
                        "success": "if1"
                    }
                },
                "if1": {
                    "module": "vb/action/builtin/ifAction",
                    "parameters": {
                        "condition": "{{ $chain.results.callModuleFunction1==\"Ernährung\" }}"
                    },
                    "outcomes": {
                        "true": "navigateToPage1"
                    }
                },
                "navigateToPage1": {
                    "module": "vb/action/builtin/navigateToPageAction",
                    "parameters": {
                        "page": "ernhrung"
                    }
                }
            }
        }
 },
 "eventListeners": {
  "ojButton2587040331OjAction": {
			"chains": [
				{
					"chainId": "ButtonActionChain",
					"parameters": {
						"detail": "{{ $event.detail }}"
					}
				}
			]
		},
        "hexagonSelected": {
            "chains": [
                {
                    "chainId": "selectedDataChain",
                    "parameters": {
                        "inpData": "{{ $event }}"
                    }
                }
            ]
        }
 },
 "imports": {
  "components": {
   "oj-ext-mobile-page-template": {
				"path": "vb/components/mobile-page-template/loader"
			},
   "oj-button": {
				"path": "ojs/ojbutton"
			},
   "oj-navigation-list": {
				"path": "ojs/ojnavigationlist"
			},
   "oj-label": {
				"path": "ojs/ojlabel"
			},
            "oj-sehub-uihexagon": {
                "path": "oj-sehub-uihexagon/loader"
            }
  }
 }
}