{
 "pageModelVersion": "18.4.5",
 "title": "",
 "description": "",
 "variables": {
        "array": {
            "type": [
                {
                    "id": "string",
                    "Name": "string"
                }
            ]
        },
        "id": {
            "type": "string"
        },
        "Name": {
            "type": "string"
        }
      },
 "types": {
        "@decorators.get1_0MC": {
            "endpoint": "get1_0MC",
            "service": "icApiIntegrationV1FlowsRestINTEGRATION1",
            "path": "response"
        },
        "get1_0MC": [
            {
                "SC_ID": "string",
                "SC": "string"
            }
        ]
      },
 "chains": {
        "onLoad": {
            "root": "callRestEndpoint1",
            "description": "",
            "actions": {
                "callModuleFunction1": {
                    "module": "vb/action/builtin/callModuleFunctionAction",
                    "parameters": {
                        "module": "{{$page.functions}}",
                        "functionName": "getList",
                        "params": [
                            "{{ $chain.results.callRestEndpoint1.body }}"
                        ],
                        "returnType": "object[]"
                    },
                    "outcomes": {
                        "success": "assignVariables1"
                    }
                },
                "callRestEndpoint1": {
                    "module": "vb/action/builtin/restAction",
                    "parameters": {
                        "endpoint": "icApiIntegrationV1FlowsRestINTEGRATION1/get1_0MC",
                        "uriParams": {
                            "mcvalue": "1"
                        }
                    },
                    "outcomes": {
                        "success": "callModuleFunction1"
                    }
                },
                "assignVariables1": {
                    "module": "vb/action/builtin/assignVariablesAction",
                    "parameters": {
                        "$page.variables.array": {
                            "source": "{{ $chain.results.callModuleFunction1 }}"
                        }
                    }
                }
            }
        },
        "listcheck": {
            "root": "fireNotification1",
            "description": "",
            "variables": {
                "id": {
                    "type": "string",
                    "required": true,
                    "input": "fromCaller"
                },
                "Name": {
                    "type": "string",
                    "required": false,
                    "input": "fromCaller"
                }
            },
            "actions": {
                "fireNotification1": {
                    "module": "vb/action/builtin/fireNotificationEventAction",
                    "parameters": {
                        "displayMode": "transient",
                        "type": "info",
                        "summary": "Data",
                        "message": "{{ $chain.variables.Name}} "
                    },
                    "outcomes": {
                        "success": "assignVariables1"
                    }
                },
                "assignVariables1": {
                    "module": "vb/action/builtin/assignVariablesAction",
                    "parameters": {
                        "$flow.variables.SUB_CATEGORY_SC_ID": {
                            "source": "{{ $page.variables.id }}"
                        },
                        "$flow.variables.SubCategoryName": {
                            "source": "{{ $page.variables.Name }}"
                        }
                    },
                    "outcomes": {
                        "success": "navigateToPage1"
                    }
                },
                "navigateToPage1": {
                    "module": "vb/action/builtin/navigateToPageAction",
                    "parameters": {
                        "page": "auswal"
                    }
                }
            }
        }
      },
 "eventListeners": {
        "vbEnter": {
            "chains": [
                {
                    "chainId": "onLoad",
                    "parameters": {}
                }
            ]
        },
        "listSelection": {
            "chains": [
                {
                    "chainId": "listcheck",
                    "parameters": {
                        "id": "{{ $page.variables.id }}",
                        "Name": "{{ $page.variables.Name }}"
                    }
                }
            ]
        }
      },
 "imports": {
		"components": {
			"oj-ext-mobile-page-template": {
				"path": "vb/components/mobile-page-template/loader"
			},
			"oj-button": {
				"path": "ojs/ojbutton"
			},
			"oj-sehub-timeline": {
				"path": "oj-sehub-timeline/loader"
			}
		}
	}
}