{
 "pageModelVersion": "18.4.5",
 "title": "",
 "description": "",
 "variables": {
        "selected": {
            "type": "string",
            "defaultValue": "Tag"
        }
      },
 "types": {},
 "chains": {
        "StyleChange": {
            "root": "callModuleFunction1",
            "description": "",
            "actions": {
                "callModuleFunction1": {
                    "module": "vb/action/builtin/callModuleFunctionAction",
                    "parameters": {
                        "module": "{{$page.functions}}",
                        "functionName": "changeStyle",
                        "params": [
                            "{{ $page.variables.selected }}"
                        ]
                    }
                }
            }
        },
        "ButtonActionChain": {
            "description": "",
            "variables": {
                "detail": {
                    "required": true,
                    "type": "any",
                    "input": "fromCaller"
                }
            },
            "root": "assignVariables1",
            "actions": {
                "assignVariables1": {
                    "module": "vb/action/builtin/assignVariablesAction",
                    "parameters": {
                        "$page.variables.selected": {
                            "source": "\"Tag\""
                        }
                    },
                    "outcomes": {
                        "success": "callActionChain1"
                    }
                },
                "callActionChain1": {
                    "module": "vb/action/builtin/callChainAction",
                    "parameters": {
                        "id": "StyleChange"
                    }
                }
            }
        },
        "ButtonActionChain1": {
            "description": "",
            "variables": {
                "detail": {
                    "required": true,
                    "type": "any",
                    "input": "fromCaller"
                }
            },
            "root": "assignVariables1",
            "actions": {
                "assignVariables1": {
                    "module": "vb/action/builtin/assignVariablesAction",
                    "parameters": {
                        "$page.variables.selected": {
                            "source": "\"Woche\""
                        }
                    },
                    "outcomes": {
                        "success": "callActionChain1"
                    }
                },
                "callActionChain1": {
                    "module": "vb/action/builtin/callChainAction",
                    "parameters": {
                        "id": "StyleChange"
                    }
                }
            }
        },
        "ButtonActionChain2": {
            "description": "",
            "variables": {
                "detail": {
                    "required": true,
                    "type": "any",
                    "input": "fromCaller"
                }
            },
            "root": "assignVariables1",
            "actions": {
                "assignVariables1": {
                    "module": "vb/action/builtin/assignVariablesAction",
                    "parameters": {
                        "$page.variables.selected": {
                            "source": "\"Monat\""
                        }
                    },
                    "outcomes": {
                        "success": "callActionChain1"
                    }
                },
                "callActionChain1": {
                    "module": "vb/action/builtin/callChainAction",
                    "parameters": {
                        "id": "StyleChange"
                    }
                }
            }
        },
        "ImageClickChain": {
            "description": "",
            "variables": {
                "detail": {
                    "required": true,
                    "type": "any",
                    "input": "fromCaller"
                }
            },
            "root": "navigateToPage1",
            "actions": {
                "navigateToPage1": {
                    "module": "vb/action/builtin/navigateToPageAction",
                    "parameters": {
                        "page": "eingabeernahrung"
                    }
                }
            }
        }
      },
 "eventListeners": {
        "vbEnter": {
            "chains": [
                {
                    "chainId": "StyleChange",
                    "parameters": {}
                }
            ]
        },
        "TagOjAction": {
            "chains": [
                {
                    "chainId": "ButtonActionChain",
                    "parameters": {
                        "detail": "{{ $event.detail }}"
                    }
                }
            ]
        },
        "WocheOjAction": {
            "chains": [
                {
                    "chainId": "ButtonActionChain1",
                    "parameters": {
                        "detail": "{{ $event.detail }}"
                    }
                }
            ]
        },
        "MonatOjAction": {
            "chains": [
                {
                    "chainId": "ButtonActionChain2",
                    "parameters": {
                        "detail": "{{ $event.detail }}"
                    }
                }
            ]
        },
        "IMG20025835301Click": {
            "chains": [
                {
                    "chainId": "ImageClickChain",
                    "parameters": {
                        "detail": "{{ $event.detail }}"
                    }
                }
            ]
        }
      },
 "imports": {
  "components": {
   "oj-ext-mobile-page-template": {
				"path": "vb/components/mobile-page-template/loader"
			},
   "oj-button": {
				"path": "ojs/ojbutton"
			},
            "oj-sehub-timeline": {
                "path": "oj-sehub-timeline/loader"
            }
  }
 }
}