{
 "pageModelVersion": "18.4.5",
 "title": "",
 "description": "",
 "variables": {},
 "types": {},
 "chains": {
  "ButtonActionChain": {
			"description": "",
			"variables": {
				"detail": {
					"required": true,
					"type": "any",
					"input": "fromCaller"
				}
			},
			"root": "callModuleFunction1",
			"actions": {
				"callModuleFunction1": {
					"module": "vb/action/builtin/callModuleFunctionAction",
					"parameters": {
						"module": "{{$page.functions}}",
						"functionName": "Animate"
					}
				}
			}
		},
        "WeiterFlow": {
            "description": "",
            "variables": {
                "detail": {
                    "required": true,
                    "type": "any",
                    "input": "fromCaller"
                }
            },
            "root": "navigateToPage1",
            "actions": {
                "navigateToPage1": {
                    "module": "vb/action/builtin/navigateToPageAction",
                    "parameters": {
                        "page": "dashboard"
                    }
                }
            }
        }
 },
 "eventListeners": {
  "ojButton2207306861OjAction": {
			"chains": [
				{
					"chainId": "ButtonActionChain",
					"parameters": {
						"detail": "{{ $event.detail }}"
					}
				}
			]
		},
        "ojButton5609243511OjAction": {
            "chains": [
                {
                    "chainId": "WeiterFlow",
                    "parameters": {
                        "detail": "{{ $event.detail }}"
                    }
                }
            ]
        }
 },
 "imports": {
		"components": {
			"oj-ext-mobile-page-template": {
				"path": "vb/components/mobile-page-template/loader"
			},
			"oj-button": {
				"path": "ojs/ojbutton"
			},
			"oj-label": {
				"path": "ojs/ojlabel"
			},
			"oj-input-date": {
				"path": "ojs/ojdatetimepicker"
			},
			"oj-input-text": {
				"path": "ojs/ojinputtext"
			},
			"oj-radioset": {
				"path": "ojs/ojradioset"
			},
			"oj-option": {
				"path": "ojs/ojoption"
			},
			"oj-checkboxset": {
				"path": "ojs/ojcheckboxset"
			}
		}
	}
}