{
    "swagger": "2.0",
    "info": {
        "title": "MapfreRestAPI Gse00014197 Uscom East 1 Oraclecloud Com",
        "x-vb": {
            "dt-wizardType": "rest"
        },
        "version": "1.0.0"
    },
    "schemes": [
        "https"
    ],
    "host": "MapfreRestAPI-gse00014197.uscom-east-1.oraclecloud.com",
    "basePath": "/",
    "definitions": {
        "Postfetchlabreport": {
            "type": "object",
            "properties": {
                "token": {
                    "type": "string"
                }
            }
        },
        "PostfetchlabreportResponse": {
            "type": "object",
            "properties": {
                "returnCode": {
                    "type": "string"
                },
                "result": {
                    "$ref": "#/definitions/Result"
                },
                "txid": {
                    "type": "string"
                }
            }
        },
        "Result": {
            "type": "object",
            "properties": {
                "payload": {
                    "type": "string"
                },
                "encode": {
                    "type": "string"
                }
            }
        }
    },
    "paths": {
        "/fetchLabReport": {
            "post": {
                "operationId": "postFetchLabReport",
                "consumes": [
                    "application/json"
                ],
                "parameters": [
                    {
                        "x-vb": {
                            "examples": {
                                "application/json": "{\n\t\t\"token\": \"30d9fd467f4b1f57e1f7560fa46fd19d\"\n}"
                            },
                            "inferred": true
                        },
                        "schema": {
                            "$ref": "#/definitions/Postfetchlabreport"
                        },
                        "name": "body",
                        "in": "body"
                    }
                ],
                "produces": [
                    "application/json"
                ],
                "responses": {
                    "default": {
                        "examples": {
                            "application/json": "{\n    \"returnCode\": \"Success\",\n    \"result\": {\n        \"payload\": \"{\\\"Patient_ID\\\":\\\"f6f66b218e550f6bdde770d0028a998a\\\",\\\"LabReport_ID\\\":\\\"PLR10001\\\",\\\"Report\\\":\\\"{'fields' : [{'parameterName' : 'White Blood Cell (WBC)','value' : '6.9','range' : '4.8 - 10.8 K/mcL'},{'parameterName' : 'Red Blood Cell (RBC)','value' : '5.8','range' : '4.7- 6.1 M/mcL'},{'parameterName' : 'Hemoglobin (HB/Hgb))','value' : '14.6','range' : '14.0 - 18.0 g/dL'},{'parameterName' : 'Platelet count','value' : '180','range' : '150 - 540 K/mcL'}]}\\\",\\\"Report_Name\\\":\\\"Blood Report\\\",\\\"Date\\\":\\\"2018/09/10\\\"}\",\n        \"encode\": \"UTF-8\"\n    },\n    \"txid\": \"17569e693d9b37c98d8f7ec1b6b1862f06af82e20cac87707d9edd55a6335ba0\"\n}"
                        },
                        "schema": {
                            "$ref": "#/definitions/PostfetchlabreportResponse"
                        },
                        "description": "The content returned by the server."
                    },
                    "x-vb": {
                        "inferred": {
                            "default": true
                        }
                    }
                },
                "x-vb-actionHint": "retrieveOne"
            }
        }
    }
}