{
    "swagger": "2.0",
    "info": {
        "title": "Ic Api Integration V1 Flows Rest INTEGRATION1",
        "x-vb": {
            "dt-serviceAuthentication": {
                "type": "basic",
                "credentials": "oracle_custom_ded0b08c-a0d9-4272-a107-ce1796e79eae"
            },
            "dt-wizardType": "rest"
        },
        "version": "1.0.0"
    },
    "schemes": [
        "https"
    ],
    "host": "devics01-charitemonument.integration.ocp.oraclecloud.com",
    "basePath": "/ic/api/integration/v1/flows/rest",
    "definitions": {
        "Get1_0mc": {
            "type": "object",
            "properties": {
                "SC_ID": {
                    "type": "string"
                },
                "SC": {
                    "type": "string"
                }
            }
        },
        "Getshow_items_of_sub_catego1_0mc": {
            "type": "object",
            "properties": {
                "ITEM_ID": {
                    "type": "string"
                },
                "ITEM": {
                    "type": "string"
                }
            }
        },
        "Getvalue_for_items1_0mc": {
            "type": "object",
            "properties": {
                "ITEM_ID": {
                    "type": "string"
                },
                "ITEM": {
                    "type": "string"
                },
                "PRACT_MEASURE": {
                    "type": "string"
                },
                "PM_SIZE": {
                    "type": "string"
                },
                "TECH_MEASURE": {
                    "type": "string"
                },
                "TM_SIZE": {
                    "type": "string"
                },
                "ENERGY_KCAL": {
                    "type": "string"
                }
            }
        }
    },
    "paths": {
        "/INTEGRATION1/1.0/MC": {
            "get": {
                "operationId": "get1_0MC",
                "parameters": [
                    {
                        "name": "mcvalue",
                        "in": "query",
                        "type": "string",
                        "x-vb-defaultValue": "1"
                    }
                ],
                "produces": [
                    "application/json"
                ],
                "responses": {
                    "default": {
                        "examples": {
                            "application/json": "[\n    {\n        \"SC_ID\": \"1\",\n        \"SC\": \"Frühstück\"\n    },\n    {\n        \"SC_ID\": \"2\",\n        \"SC\": \"Mittagessen\"\n    },\n    {\n        \"SC_ID\": \"3\",\n        \"SC\": \"Abendessen\"\n    },\n    {\n        \"SC_ID\": \"4\",\n        \"SC\": \"Snack\"\n    },\n    {\n        \"SC_ID\": \"5\",\n        \"SC\": \"Getränk\"\n    },\n    {\n        \"SC_ID\": \"6\",\n        \"SC\": \"Genussmittel\"\n    }\n]"
                        },
                        "schema": {
                            "type": "array",
                            "items": {
                                "$ref": "#/definitions/Get1_0mc"
                            }
                        },
                        "description": "The content returned by the server."
                    },
                    "x-vb": {
                        "inferred": {
                            "default": true
                        }
                    }
                },
                "x-vb-actionHint": "retrieveMany"
            }
        },
        "/SHOW_ITEMS_OF_SUB_CATEGO/1.0/MC": {
            "get": {
                "operationId": "getSHOW_ITEMS_OF_SUB_CATEGO1_0MC",
                "parameters": [
                    {
                        "name": "scid",
                        "in": "query",
                        "type": "string",
                        "required": true
                    }
                ],
                "produces": [
                    "application/json",
                    "application/json"
                ],
                "responses": {
                    "default": {
                        "examples": {
                            "application/json": "[\n    {\n        \"ITEM_ID\": \"1\",\n        \"ITEM\": \"Banane\"\n    },\n    {\n        \"ITEM_ID\": \"2\",\n        \"ITEM\": \"Müsli\"\n    },\n    {\n        \"ITEM_ID\": \"3\",\n        \"ITEM\": \"Mandarine\"\n    },\n    {\n        \"ITEM_ID\": \"4\",\n        \"ITEM\": \"Zucker\"\n    },\n    {\n        \"ITEM_ID\": \"5\",\n        \"ITEM\": \"Nudeln\"\n    },\n    {\n        \"ITEM_ID\": \"6\",\n        \"ITEM\": \"Brot\"\n    },\n    {\n        \"ITEM_ID\": \"7\",\n        \"ITEM\": \"Joghurt\"\n    },\n    {\n        \"ITEM_ID\": \"9\",\n        \"ITEM\": \"Kaffee\"\n    },\n    {\n        \"ITEM_ID\": \"10\",\n        \"ITEM\": \"Kräuter-Tee\"\n    },\n    {\n        \"ITEM_ID\": \"11\",\n        \"ITEM\": \"Espresso\"\n    }\n]"
                        },
                        "schema": {
                            "type": "array",
                            "items": {
                                "$ref": "#/definitions/Getshow_items_of_sub_catego1_0mc"
                            }
                        },
                        "description": "The content returned by the server."
                    },
                    "x-vb": {
                        "inferred": {
                            "default": true
                        }
                    }
                },
                "x-vb-actionHint": "retrieveMany"
            }
        },
        "/VALUE_FOR_ITEMS/1.0/MC": {
            "get": {
                "operationId": "getVALUE_FOR_ITEMS1_0MC",
                "parameters": [
                    {
                        "name": "scid",
                        "in": "query",
                        "type": "string",
                        "required": true,
                        "x-vb-defaultValue": "1"
                    },
                    {
                        "name": "item",
                        "in": "query",
                        "type": "string",
                        "required": true,
                        "x-vb-defaultValue": "Banane"
                    }
                ],
                "produces": [
                    "application/json"
                ],
                "responses": {
                    "default": {
                        "examples": {
                            "application/json": "{\n    \"ITEM_ID\": \"1\",\n    \"ITEM\": \"Banane\",\n    \"PRACT_MEASURE\": \"Stück\",\n    \"PM_SIZE\": \"1\",\n    \"TECH_MEASURE\": \"g\",\n    \"TM_SIZE\": \"114\",\n    \"ENERGY_KCAL\": \"108\"\n}"
                        },
                        "schema": {
                            "$ref": "#/definitions/Getvalue_for_items1_0mc"
                        },
                        "description": "The content returned by the server."
                    },
                    "x-vb": {
                        "inferred": {
                            "default": true
                        }
                    }
                },
                "x-vb-actionHint": "retrieveMany"
            }
        },
        "/ITEM_STARTING_VALUE/1.0/MC": {
            "get": {
                "operationId": "getITEM_STARTING_VALUE1_0MC",
                "parameters": [
                    {
                        "name": "scid",
                        "in": "query",
                        "type": "string",
                        "required": true,
                        "x-vb-defaultValue": "1"
                    },
                    {
                        "name": "item",
                        "in": "query",
                        "type": "string",
                        "x-vb-defaultValue": "B"
                    }
                ],
                "produces": [
                    "application/json"
                ],
                "responses": {
                    "default": {
                        "examples": {
                            "application/json": "[\n    {\n        \"ITEM_ID\": \"1\",\n        \"ITEM\": \"Banane\"\n    },\n    {\n        \"ITEM_ID\": \"6\",\n        \"ITEM\": \"Brot\"\n    }\n]"
                        },
                        "schema": {
                            "type": "array",
                            "items": {
                                "$ref": "#/definitions/Getshow_items_of_sub_catego1_0mc"
                            }
                        },
                        "description": "The content returned by the server."
                    },
                    "x-vb": {
                        "inferred": {
                            "default": true
                        }
                    }
                },
                "x-vb-actionHint": "retrieveMany"
            }
        }
    }
}